VerseID,TamilVerse,EnglishTranslation,Lagna,Khandam
Taurus-01,"ரிடப லக்னத்தில் செவ்வாய், 9-ல் புதன். உதையத்தில் சகோதரக் காரகனாகிய குஜன் ஏகனாய் நின்று சகோதர ஸ்தானத்தை நவ திரிகோணம் பெற்ற தன பஞ்சமாதிபதியால் நோக்கப்பட்டால் சகோதரம் ஆணிரண்டு, பெண்ணொன்று. சப்தமாதிபன் திசையில் ஜாதகனுக்கு மணமுண்டாம். அது முதல் ரோகமுண்டாய் அனேக தேசம் சுற்றி கண்ணிழந்து 22-ல் மரணமடைவனென்பர்.","In Rishaba Lagna, Mars is in the Lagna; Mercury is in the 9th. Mars, the significator of siblings, stands alone in the ascendant and is aspected by the lord of the 2nd and 5th houses, who has gained a trinal aspect on the sibling house. The native will have two brothers and one sister. During the dasha of the 7th lord, the native will marry. After that, he will suffer from illness, travel across many countries, lose eyesight, and die at age 22.",Taurus,Chandra
Taurus-02,"ரிடப லக்கினத்தில் செவ்வாய், 3-ல் ராகு. உதையத்தில் சகோதரக் காரகன் ஏகனாய் தனித்து சகோதர ஸ்தானத்தில் ராகுயிருந்தால் சகோதரர்கள் செவி மந்தமுடையவர்கள். 28-ல் ஜேஷ்டன் மரணம். ஜாதகன் 51-ல் அஷ்டமாதிபன் திசையில் நெரியாண மடைவனென்பர்.","In Rishaba Lagna, Mars is in the Lagna; Rahu is in the 3rd house. Mars, the significator of siblings, stands alone in the ascendant, and Rahu is placed alone in the sibling house. The siblings will be hard-of-hearing. The eldest sibling will die at age 28. The native will die at age 51, during the dasha of the 8th lord.",Taurus,Chandra
Taurus-03,"ரிடப லக்கினத்தில் செவ்வாய், சந்திரன், 7-ல் புதன். உதையத்தில் சகோதரக் காரகன் திருதியாதிபதியுடன் கூடி, சப்தம கேந்திரம் பெற்ற தன பஞ்சமாதிபதியால் நோக்கப்பட்டால் பதினெட்டு வரையில் சகோதரம் ஏழில் ஆண் நான்கு, பெண்ணொன்று தீர்க்கமென்பர்..","In Rishaba Lagna, Mars and the Moon are in the Lagna; Mercury is in the 7th house. Mars, the significator of siblings, is joined with the 3rd lord and is aspected by the lord of the 2nd and 5th houses, who has gained a Kendra position in the 7th. Up to age eighteen, the native will have seven siblings—four brothers and one sister will be long-lived.",Taurus,Chandra
Taurus-04,"ரிடப லக்கினத்தில் செவ்வாய், சந்திரன், 3-ல் குரு, ராகு. உதையத்தில் சகோதரக் காரகன் மூன்றாமாதிபதியுடன் கூடி சகோதர ஸ்தானமேறிய உச்ச குருவுடன் ராகு கூடியிருந்தால் ஜாதகனுடன் ஆணொன்று, பெண்ணிரண்டு.ஜேஷ்டன் கலகப் பட்டவனாகவே யிருப்பனென்பர்.","In Rishaba Lagna, Mars and the Moon are in the Lagna; Jupiter and Rahu are in the 3rd house. Mars, the significator of siblings, is joined with the 3rd lord, and exalted Jupiter occupies the sibling house along with Rahu. The native will have one brother and two sisters living with him. The eldest sibling will be rebellious in nature.",Taurus,Chandra
Taurus-05,"ரிடப லக்கினத்தில் செவ்வாய், ராகு, 4-ல் சனி, 11-ல் சுக்கிரன், சந்திரன். உதையத்தில் சகோதரக் காரகன் ராகுவுடன் கூடி வாகன கேந்திரமேறிய பாக்கிய கர்மாதிபதியால் பார்க்கப்பட்டு சகோதர ஸ்தானாதிபதி உச்ச புகருடன் லாபமேறியிருந்தால் ஜாதகனுக்கு முன் பெண்ணொன்று, பின் பெண் மூன்று. ஜாதகனேகனென்பர்.","In Rishaba Lagna, Mars and Rahu are in the Lagna; Saturn is in the 4th; Venus and the Moon are in the 11th. Mars, the significator of siblings, is joined with Rahu and is aspected by the lord of fortune and karma, who has gained a Kendra position related to vehicles. The sibling lord is exalted and placed in the house of gain. The native will have one elder sister and three younger sisters. The native himself will be solitary (without brothers).",Taurus,Chandra
Taurus-06,"ரிடப லக்கினம், 2-ல் செவ்வாய், சந்திரன். இரண்டாமிடத்தில் சகோதரக் காரகனாகிய குஜன், சகோதர ஸ்தானாதிபதியான சந்திரனுடன் கூடி, திருதிய ஸ்தானத்தை யொருவரும் பாராதிருந்தால் ஜாதகனுடன் பெண்ணிரண்டி லொன்று தீர்க்கம். ஜாதகனுக்குப் பிதுராக்ஷிதம் கிடையாதென்பர்.","In Rishaba Lagna, Mars and the Moon are in the 2nd house. Mars, the significator of siblings, is joined with the Moon, the lord of the sibling house, and the 3rd house is not aspected by anyone. The native will have two sisters, of whom one will be long-lived. The native will not receive paternal protection/properties.",Taurus,Chandra
Taurus-07,"ரிடப லக்கினம் 2-ல் செவ்வாய், 5-ல் சனி. இரண்டாமிடத்தில் சகோதரக் காரகன் ஏகனாய் நின்று பஞ்சம திரிகோணம் பெற்ற பாக்கிய கர்மாதிபதியால் நோக்கப்பட்டால், ஜாதகனுக்குப் பின்னால் கடை நாளில் சகோதரிகளுண்டாம். குடும்பம் கஷ்டப் படுமென்பர்.","In Rishaba Lagna, Mars is in the 2nd house; Saturn is in the 5th. Mars, the significator of siblings, stands alone in the 2nd house and is aspected by the lord of fortune and karma, who has gained a trinal position in the 5th. The native will have younger sisters born in later years. The family will face hardship.",Taurus,Chandra
Taurus-08,"ரிடப லக்கினம் 2-ல் செவ்வாய், 3-ல் ராகு, சந்திரன். இரண்டாமிடத்தில் சகோதரக் காரகன் ஏகனாய் தனித்து ஒருவரும் பாராமல் ஸ்வக்ஷேத்திர சகோதர ஸ்தானாதிபதியுடன் ராகு கூடியிருந்தால் முன்னாலாணொன்று, பின்னால் பெண்ணொன்று. அங்கயீனமான பிள்ளை யேகமென்பர்.","In Rishaba Lagna, Mars is in the 2nd house; Rahu and the Moon are in the 3rd. Mars, the significator of siblings, stands alone in the 2nd house, un-aspected by any planet. The sibling house is occupied by Rahu along with its own lord, the Moon. The native will have one elder brother and one younger sister. There will be only one child who is physically impaired.",Taurus,Chandra
Taurus-09,"ரிடப லக்கினம் 2-ல் செவ்வாய், 3-ல் கேது, 11-ல் புதன். இரண்டாமிடத்தில் சகோதரக் காரகனாகிய குஜன் ஏகனாய் நின்று மூன்றுக்கு மூன்றாமாதிபதி நீச்சமடைந்து சகோதர ஸ்தானத்தில் கேதுயிருந்தால் ஜாதகனுக்கு முந்தி ஆணிரண்டு பெண்ணிரண்டு. பின் தாரத்தில் ஆண் திருதியம், ஜாதகன் ரோகி, சில நாள் ஊமையாயிருப்பனென்பர்.","In Rishaba Lagna, Mars is in the 2nd house; Ketu is in the 3rd. Mercury is in the 11th. Mars, the significator of siblings, stands alone in the 2nd house. The 3rd lord from the 3rd house (Mercury) is debilitated, and Ketu occupies the sibling house. The native will have two elder brothers and two elder sisters. A third younger brother will be born to the later wife. The native will be diseased and will be mute for some time.",Taurus,Chandra
Taurus-10,"ரிடப லக்கினத்தில் சூரியன், 2-ல் செவ்வாய், 7-ல் சந்திரன். இரண்டாமிடத்தில் சகோதரக் காரகன் ஏகனாய் நின்று ஒருவரும் பாராமல் நீச்சமடைந்த சகோதர ஸ்தானாதிபதியை லக்கின கேந்திரம் பெற்ற சுகாதிபதியால் நோக்கப்பட்டால் ஜாதகனுடன் ஆண் நான்கு, பெண்ணிரண்டில் ஆணிலொருவனுக்குக் காலூனம். ஒருவனுக்கு முகத்திலூனம். ஒரு பெண் தனித்திருப்பளென்பர்.","In Rishaba Lagna, the Sun is in the Lagna; Mars is in the 2nd house; the Moon is in the 7th. Mars, the significator of siblings, stands alone in the 2nd house, un-aspected. The sibling house lord is debilitated in the 7th house and is aspected by the lord of health, the Sun, who has gained a Kendra position in Lagna. The native will have four brothers and two sisters. Among the brothers, one will have a leg deformity, and one will have a facial deformity.",Taurus,Chandra
Taurus-11,"ரிடப லக்கினம் 3-ல் செவ்வாய், ராகு, 11-ல் குரு மூன்றாமிடத்தில் சகோதரக் காரகன் நீச்சனாகி ராகுவுடன் கூடி, லாப ஸ்தானமேறிய ஸ்வக்ஷேத்திர தேவ குருவால் நோக்கபட்டால் ஜாதகனுடன், பெண்ணொன்று தீர்க்கம். பிதுர் சகோதரம் உபய தாரமுடையவர்களென்பர்.","In Rishaba Lagna, Mars and Rahu are in the 3rd house; Jupiter is in the 11th. In the 3rd house, Mars—the significator of siblings—is debilitated and joined with Rahu. The house of gain is occupied by Jupiter, who is in his own sign and aspects the sibling house. The native will have one sister, who will be long-lived. The paternal siblings will have two spouses each.",Taurus,Chandra
Taurus-12,"ரிடப லக்கினம் 3-ல் செவ்வாய், 6-ல் சனி, 9-ல் சந்திரன். மூன்றாமிடத்தில் சகோதரக் காரகன் ஏகனாய் நீச்சம் பெற்று சகோதர ஸ்தானாதியின் திருஷ்டியடைந்து உச்ச பாக்கிய கர்மாதிபதியாலும் நோக்கப் பட்டிருந்தால் முன் ஆணிரண்டு மரணம், பின் ஆணொன்று. திருவாதிரையில் பெண் சகோதரமுண்டென்பர்.","In Rishaba Lagna, Mars is in the 3rd house; Saturn is in the 6th; the Moon is in the 9th. Mars, the significator of siblings, stands alone in the 3rd house in debilitation and is aspected by the lord of the sibling house. It is also aspected by the exalted lord of fortune and karma. The native will have two elder brothers who have died, and one younger brother. A sister born under the Thiruvathirai star will exist.",Taurus,Chandra
Taurus-13,"ரிடப லக்கினம் 3-ல் செவ்வாய், சந்திரன். மூன்றாமிடத்தில் சகோதரக் காரகனாகிய குஜன் ஸ்வக்ஷேத்திர சகோதர ஸ்தானாதி பதியுடன் கூடியிருந்தால் ஜாதகனுக்கு முன் ஆண் நான்கு, பெண்ணொன்று தீர்க்கம். ஜாதகன் ஒரு வாரத்தில் மரணமென்பர்.","In Rishaba Lagna, Mars and the Moon are in the 3rd house. Mars, the significator of siblings, is joined with the lord of the sibling house in its own sign. The native will have four elder brothers and one elder sister, all long-lived. The native will die within one week.",Taurus,Chandra
Taurus-14,ரிடப லக்கினம் 3-ல் செவ்வாய். மூன்றாமிடத்தில் சகோதரக் காரகனாகிய குஜன் ஏகனாய் தனித்து ஒருவரும் பாராமலிருந்தால் ஜாதகனுடன் சகோதரம் ஆண் நான்கு. தீர்க்கமுள்ளவராக யிருப்பரென்பர்.,"In Rishaba Lagna, Mars is in the 3rd house. Mars, the significator of siblings, stands alone in the sibling house, un-aspected by any planet. The native will have four brothers, all of whom will be long-lived.",Taurus,Chandra
Taurus-15,"ரிடப லக்கினம் 3-ல் செவ்வாய், சூரியன், புதன், 7-ல் குரு. மூன்றாமிடத்தில் சகோதரக் காரகன் த்விதிய சுக பஞ்சமாதிபதிகளுடன் கூடி, சப்தம கேந்திரம் பெற்ற அஷ்டம லாபாதிபதியால் நோக்கப் பட்டிருந்தாள் சகோதரம் முதலாவது பெண் மரணம் அப்பால் ஜாதகனுடன் ஆண் நான்கு தீர்க்கம். பிதாவுக்குப் பின் தாரத்தில் புத்திரன் புத்திரியுண்டென்பர்.","In Rishaba Lagna, Mars, the Sun, and Mercury are in the 3rd house; Jupiter is in the 7th. Mars, the significator of siblings, is joined with the lords of the 2nd, 4th, and 5th houses. The 3rd house is aspected by Jupiter, who is the lord of the 8th and 11th and has gained a Kendra position in the 7th. The first sibling, a sister, will die. After that, the native will have four brothers, all of whom are long-lived. There will be sons and daughters for the later wife of the father.",Taurus,Chandra
Taurus-16,"ரிடப லக்கினம் 3-ல் ராகு, 4-ல் செவ்வாய், 5-ல் புதன், சுக்கிரன், 11-ல் சந்திரன். நான்காமிடத்தில் சகோதரக் காரகன் ஏகனாய் நின்று சகோதர ஸ்தானத்தில் ராகுயிருந்து லாப ஸ்தானமேறிய மூன்றாமாதியை உச்ச நீச்சர்களால் பார்க்கப் பட்டால் சகோதரம் ஐந்தில் தீர்க்கம் ஆணிரண்டு, பெண்ணொன்று விர்த்தியுண்டாம். 37-ல் ஜாத்கன் சகோதரனால் துன்பப் பட்டு வட திசை நாடி பெண்மூலம் சுகப்படுவனென்பர்.","In Rishaba Lagna, Rahu is in the 3rd; Mars is in the 4th. Mercury and Venus are in the 5th; the Moon is in the 11th. Mars, the significator of siblings, stands alone in the 4th house. Rahu occupies the sibling house, and the 3rd lord (Moon) is placed in the house of gain (11th), aspected by exalted and debilitated planets. The native will have five siblings—two brothers and one sister- who will be long-lived and prosperous. At age 37, the native will suffer due to a sibling, travel northward, and find relief through a woman.",Taurus,Chandra
Taurus-17,"ரிடப லக்கினம் 3-ல் சுக்கிரன், 4-ல் புதன், செவ்வாய், 9-ல் சந்திரன். நான்காமிடத்தில் சகோதரக் காரகன் தன பஞ்சமாதிபதியுடன் கூடி சகோதர ஸ்தானமேறிய ஜென்ம ரோகாதிபதியை நவ திரிகோணம் பெற்ற மூன்றாமாதியால் பார்க்கப் பட்டிருந்தால் சகோதரம் நான்கில் ஜாதகனே ஜேஷ்டனென்பர்.","In Rishaba Lagna, Venus is in the 3rd; Mercury and Mars are in the 4th; the Moon is in the 9th. Mars, the significator of siblings, is joined with the lord of the 2nd and 5th houses in the 4th. The sibling house is occupied by the lord of disease and Lagna, and is aspected by the 3rd lord through a trinal aspect. The native will have four siblings, and he will be the eldest among them.",Taurus,Chandra
Taurus-18,"ரிடப லக்கினம் 4-ல் செவ்வாய், கேது, 7-ல் சனி, 9-ல் சந்திரன். நான்காமிடத்தில் சகோதரக் காரகனாகிய குஜன் கேதுவுடன் கூடி, பாக்கிய திரிகோணமேறிய சகோதர ஸ்தானாதிபதியை சப்தம சனியால் பார்க்கப் பட்டிருந்தால் சகோதரன் ஐந்தில் ஆணிரண்டு,பெண்ணிரண்டு தீர்க்கம். ஜேஷ்டனுக்குத் தாரமிரண்டென்பர்.","In Rishaba Lagna, Mars and Ketu are in the 4th; Saturn is in the 7th; the Moon is in the 9th. Mars, the significator of siblings, is joined with Ketu in the 4th house. The sibling house lord (Moon), placed in the trinal 9th, is aspected by Saturn from the 7th. The native will have five siblings—two brothers and two sisters, all long-lived. The eldest sibling will have two spouses.",Taurus,Chandra
Taurus-19,"ரிடப லக்கினம் 3-ல் சூரியன், 4-ல் செவ்வாய், சுக்கிரன். நான்காமிடத்தில் சகோதரக் காரகன் ஜென்ம ரோகாதிபதியுடன் கூடி, சதுர்த்த கேந்திராதிபதியான சூரியன் சகோதர ஸ்தானமேறியிருந்தால், ஜாதகனுக்குப் பின் பெண்ணொன்று. ஆறு வயதில் சப்தமாதிபன் திசையில் சகோதரி மரணமடைவளென்பர்.","In Rishaba Lagna, the Sun is in the 3rd; Mars and Venus are in the 4th. Mars, the significator of siblings, is joined with the lord of disease and Lagna (Venus)—the Sun, who is the Kendra lord of the 4th and occupies the sibling house. The native will have one younger sister. She will die at age six, during the dasha of the 7th lord.",Taurus,Chandra
Taurus-20,"ரிடப லக்கினத்தில் சந்திரன், 4-ல் செவ்வாய். நான்காமிடத்தில் சகோதரக் காரகனாகிய அங்காரகன் ஏகனாய் நின்று ஒருவரும் பாராமல் சகோதர ஸ்தானாதிபதி லக்கின கேந்திரத்தில் உச்சம் பெற்றிருந்தால், ஜாதகனுடன் ஆணிரண்டு, பெண்ணிரண்டு. ஒரு ஆண் மரணம். எப்போதும் வாயு ரோகமும், பிள்ளையில்லாமல் கவலையுமுண்டென்பர்.","In Rishaba Lagna, the Moon is in the Lagna; Mars is in the 4th house. Mars, the significator of siblings, stands alone in the 4th house, un-aspected. The sibling house lord is exalted and placed in Lagna Kendra. The native will have two brothers and two sisters. One brother will die. The native will suffer from chronic wind-related illness and will experience grief due to childlessness.",Taurus,Chandra
Taurus-21,"ரிடப லக்கினம் 5-ல் செவ்வாய், கேது, 11-ல் குரு. ஐந்தாமிடத்தில் சகோதரக் காரகன் கேதுவுடன் கூடி ஸ்வக்ஷேத்திர அஷ்டம லாபாதிபதியால் நேரே நோக்கப் பட்டிருந்தால், ஜாதகனுடன் ஆண் மூன்று, பெண்ணொன்று. மத்திய கால மரணம். ஜாதகனுக்கு நடு வயதில் நேத்திர பின்ன முண்டென்பர்.","In Rishaba Lagna, Mars and Ketu are in the 5th house; Jupiter is in the 11th. Mars, the significator of siblings, is joined with Ketu in the 5th house. It is directly aspected by Jupiter, who is the lord of the 8th and 11th, and placed in his own sign. The native will have three brothers and one sister. There will be death in the Middle Ages. The native will suffer from retinal disease in midlife.",Taurus,Chandra
Taurus-22,"ரிடப லக்கினம் 3-ல் குரு, கேது, சந்திரன், 5-ல் செவ்வாய். ஐந்தாமிடத்தில் சகோதரக் காரகன் ஏகனாய் தனித்து ஸ்வக்ஷேத்திர சகோதர ஸ்தானாதிபதியுடன் வியாழன், கேது கூடியிருந்தால் ஜாதகன் ஏகம், ஆதியில் செல்வம். ஜாதகன் வளர வளர மனை பூமிகளை யெல்லாம் விரையம் செய்வனென்பர்.","In Rishaba Lagna, Jupiter, Ketu, and the Moon are in the 3rd house; Mars is in the 5th. Mars, the significator of siblings, stands alone in the 5th house. The sibling house lord (Moon) is in its own sign in the 3rd, joined with Jupiter and Ketu. The native will be an only child. In early life, he will have wealth. As he grows older, he will waste all his lands and properties.",Taurus,Chandra
Taurus-23,"ரிடப லக்கினம் 5-ல் செவ்வாய், குரு, 9-ல் சூரியன், 12-ல் சந்திரன். ஐந்தாமிடத்தில் சகோதரக் காரகன் அஷ்டம லாபாதிபதியுடன் கூடி சுகாதிபதியால் சகோதர ஸ்தானத்தை நோக்கப்பட்டு மூன்றாமாதி ஏகனாய் விரையமடைந்திருந்தால் ஜாதகனேகன், முன் பின் சகோதரமில்லயென்பர்.","In Rishaba Lagna, Mars and Jupiter are in the 5th; the Sun is in the 9th; the Moon is in the 12th. Mars, the significator of siblings, is joined with Jupiter, lord of the 8th and 11th and placed in the 5th house. The sibling house is aspected by the lord of comfort (Sun), while the 3rd lord (Moon) is alone and placed in the 12th. The native will be an only child, with no siblings before or after.",Taurus,Chandra
Taurus-24,"ரிடப லக்கினம் 5-ல் செவ்வாய், சூரியன், புதன். ஐந்தாமிடத்தில் சகோதரக் காரகன் தன சுக பஞ்சமாதிபதிகளுடன் கூடி, சகோதர ஸ்தானத்தை யொருவரும் பாராதிருந்தால் ஜாதகனுடன் பெண்ணொன்று விர்த்தி. ஜாதகன் தீவாந்திர ஜெனனம். இருபது வயதில் சுய தேசம் சேருவன். பூமி சேர்க்கைப் பொருள் விரையமென்பர்.","In Rishaba Lagna, Mars, the Sun, and Mercury are in the 5th house. Mars, the significator of siblings, is joined with the lords of the 4th, 2nd and 5th houses. The sibling house is un-aspected by any planet. The native will have one sister, who will be prosperous. The native is born in an island region. At age 20, he will return to his native land. He will waste wealth through land acquisitions.",Taurus,Chandra
Taurus-25,"ரிடப லக்கினம் 5-ல் செவ்வாய், கேது, குரு, 9-ல் புதன். ஐந்தாமிடத்தில் சகோதரக் காரகனாகிய குஜன் அஷ்டம லாபாதிபதி, கேது இவர்களுடன் கூடி, சகோதர ஸ்தானத்தை தன பஞ்சமாதிபதியால் நோக்கப் பட்டால், ஜாதகனுடன் ஆணிரண்டு, பெண்ணிரண்டு மரணம். செல்வமெல்லாம் விவகாரத்தால் அழியுமென்பர்.","In Rishaba Lagna, Mars, Ketu, and Jupiter are in the 5th house; Mercury is in the 9th. Mars, the significator of siblings, is joined with Ketu and the lord of the 8th and 11th (Jupiter) in the 5th house. The sibling house is aspected by Mercury, who is the lord of the 2nd and 5th. The native will have two brothers and two sisters, all of whom will die. The native’s wealth will be lost due to litigation.",Taurus,Chandra
Taurus-26,"ரிடப லக்கின 5-ல் குரு, 6-ல் செவ்வாய், 9-ல் சந்திரன். ஆறாமிடத்தில் சகோதரக் காரகன் ஏகனாய் தனித்து, பிதுர் ஸ்தானமேறிய சகோதர ஸ்தானாதிபதியை பஞ்சம திரிகோணம் பெற்ற, அஷ்டம லாபாதிபதியால் நோக்கப் பட்டிருந்தால், ஜாதகன் நான்காவது. முந்தி ஆணொன்று, பெண்ணொன்று இதுகளும் தீர்க்கமில்லை. ஜாதகனும் விர்த்தியென்பர்.","In Rishaba Lagna, Jupiter is in the 5th house; Mars is in the 6th house; the Moon is in the 9th house. Mars, the significator of siblings, stands alone in the 6th house. The sibling house lord (Moon), placed in the paternal house (9th), is in a trinal aspect from the 5th and is aspected by Jupiter, lord of the 8th and 11th. The native is the fourth-born. He had one elder brother and one elder sister, both of whom are not long-lived. The native himself will be prosperous.",Taurus,Chandra
Taurus-27,"ரிடப லக்கினம் 6-ல் செவ்வாய், சனி, 9-ல் சுக்கிரன், சந்திரன். ஆறாமிடத்தில் சகோதரக் காரகனாகிய குஜன் பாக்கிய கர்மாதிபதியுடன் கூடி நவ திரிகோணமேறிய சகோதர ஸ்தானாதிபதியுடன் சுக்கிரன் கூடியிருந்தால் முந்தி  திருதிய சகோதரமுண்டென்பர்.","In Rishaba Lagna, Mars and Saturn are in the 6th; Venus and the Moon are in the 9th. Mars, the significator of siblings, is joined with Saturn, the lord of fortune and karma and is placed in the 6th house. The sibling house lord (Moon), placed in the trinal 9th, is joined with Venus. The native will have three elder siblings.",Taurus,Chandra
Taurus-28,"ரிடப லக்கினம் 6-ல் செவ்வாய், 9-ல் சனி. ஆறாமிடத்தில் சகோதரக் காரகன் ஏகனாய் தனித்து சகோதர ஸ்தானத்தை ஸ்வக்ஷேத்திர்ம் பெற்ற பாக்கிய கர்மாதிபதியால் நேரே நோக்கப் பட்டால் ஜாதகனுடன் ஆணிரண்டு, பெண்ணிரண்டு. ஜேஷ்டனுக்கு மணமில்லையென்பர்.","In Rishaba Lagna, Mars is in the 6th; Saturn is in the 9th. Mars, the significator of siblings, stands alone in the 6th house. The sibling house is directly aspected by Saturn, who is the lord of fortune and karma, and is placed in his own sign. The native will have two brothers and two sisters. The eldest sibling will remain unmarried.",Taurus,Chandra
Taurus-29,"ரிடப லக்கினம் 3-ல் சனி, ராகு, 6-ல் செவ்வாய், 9-ல் சூரியன், புதன். ஆறாமிடத்தில் சகோதரக் காரகன் ஏகனாய் நின்று சகோதர ஸ்தானம் பெற்ற சனி, ராகுவை தன, சுக பஞ்சமாதிபர்களல் நோக்கப் பட்டால் முந்தி ஆணுபயம், பெண்ணொன்று. ஒரு வாரத்தில் ஸ்திரீகளாலரிட்டம் வருமென்பர்.","In Rishaba Lagna, Saturn and Rahu are in the 3rd house; Mars is in the 6th house; the Sun and Mercury are in the 9th house. Mars, the significator of siblings, stands alone in the 6th house. The sibling house (3rd), occupied by Saturn and Rahu, is aspected by the lords of wealth (2nd), comfort (4th), and intelligence (5th). The native will have two elder brothers and one elder sister. Within one week, the native will suffer harm through women.",Taurus,Chandra
Taurus-30,"ரிடப லக்கினம் 2-ல் குரு, 3-ல் ராகு, 6-ல் செவ்வாய். ஆறாமிடத்தில் சகோதரக் காரகன் ஏகனாய் தனித்து த்விதிய ஸ்தானமேறிய அஷ்டம லாபாதிபதியால் நோக்கப்பட்டு, ஞான காரகனாகிய ராகு வீரியமேறியிருந்தால் ஜாதகன் தவ புத்திரன். முன்னால் உபய பெண்கள் நிலைப்பென்பர்.","In Rishaba Lagna, Jupiter is in the 2nd house; Rahu is in the 3rd house; Mars is in the 6th house. Mars, the significator of siblings, stands alone in the 6th house. It is aspected by Jupiter, lord of the 8th and 11th, who occupies the 2nd house. Rahu, the significator of wisdom, is firmly placed in the sibling house (3rd). The native will be a celibate son (tapasvi). Two elder sisters will exist and be stable in life.",Taurus,Chandra
Taurus-31,"ரிடப லக்கினம் 7-ல் செவ்வாய், சந்திரன், 9-ல் சனி. ஏழாமிடத்தில் சகோதரக் காரகனுடன் சகோதர ஸ்தானாதிபதி நீச்சமடைந்து ஸ்வக்ஷேத்திர பாக்ய கர்மாதிபதியால் சகோதர ஸ்தானத்தை நேரே நோக்கப்பட்டிருந்தால் ஜாதகன் விர்த்தியில்லை யென்பர்.","In Rishaba Lagna, Mars and the Moon are in the 7th house; Saturn is in the 9th house. Mars, the significator of siblings, is joined with the sibling house lord (Moon), who is debilitated. The sibling house (3rd) is directly aspected by Saturn, who is the lord of fortune and karma, and is placed in his own sign. The native will be without progress.",Taurus,Chandra
Taurus-32,"ரிடப லக்கினத்தில் புதன், 7-ல் செவ்வாய், 9-ல் சந்திரன். ஏழாமிடத்தில் சகோதரக் காரகன் ஏகனாய் ஸவக்ஷேத்திரம் பெற்று லக்கின கேந்திரம் பெற்ற தன பஞ்சமாதியின் திருஷ்டியடைந்து மூன்றாமாதி பிதுர் ஸ்தானமேறியிருந்தால் ஜாதகன் அதிகார மேன்மையினால் ஸ்ரீகள் சுகமடைவனென்பர்.","In Rishaba Lagna, Mercury is in the Lagna; Mars is in the 7th; the Moon is in the 9th. Mars, the significator of siblings, stands alone in the 7th house, in its own sign. It receives aspect from Mercury, lord of the 2nd and 5th, who is placed in Lagna Kendra. The 3rd lord (Moon) is placed in the paternal house (9th). The native will gain favour and comfort from women due to authority and elevated status.",Taurus,Chandra
Taurus-33,"ரிடப லக்கினம் 7-ல் செவ்வாய், கேது, 5-ல் சனி, 9-ல் சூரியன். ஏழாமிடத்தில் சகோதரக் காரகன் கேதுவுடன் கூடி பஞ்சம திரிகோணம் பெற்ற பாக்கிய கர்மாதிபதியின் திருஷ்டியடைந்து சகோதர ஸ்தானத்தை சுகாதிபதியால் நோக்கப் பட்டிருந்தால் ஜேஷ்டன் ஜலக்கரையில் பிறந்தவன், ஜாதகன் விர்த்தியில்லையென்பர்.","In Rishaba Lagna, Mars and Ketu are in the 7th; Saturn is in the 5th; the Sun is in the 9th. Mars, the significator of siblings, is joined with Ketu in the 7th house. It receives aspect from Saturn, lord of fortune and karma, placed in the trinal 5th house. The sibling house is aspected by the lord of comforts (Sun). The eldest sibling was born near water (e.g., riverbank or coastal region). The native will be without prosperity.",Taurus,Chandra
Taurus-34,"ரிடப லக்கினம் 3-ல் ராகு, சனி, 7-ல் செவ்வாய், குரு. ஏழாமிடத்தில் சகோதரக் காரகன் அஷ்டம லாபாதிபதியுடன் கூடி, பாக்கிய கர்மாதிபதியான சனி ராகுவுடன் சகோதர ஸ்தானமேறியிருந்தால் ஜாதகனுடன் பெண்ணிரண்டு. பிதாவின் மரு தாரத்தில் ஆணிரண்டு மரணம். பெண்ணிரண்டு தீர்க்கமென்பர்.","In Rishaba Lagna, Rahu and Saturn are in the 3rd; Mars and Jupiter are in the 7th. Mars, the significator of siblings, is joined with Jupiter, lord of the 8th and 11th and placed in the 7th house. The sibling house (3rd) is occupied by Saturn and Rahu, who are the lords of fortune and karma. The native will have two sisters, both of whom will be long-lived. From the father’s second marriage, there will be two sons, both of whom will die. The two sisters will be long-lived.",Taurus,Chandra
Taurus-35,"ரிடப லக்கினம் 5-ல் சனி சந்திரன், 7-ல் செவ்வாய், 11-ல் குரு, சுக்கிரன். ஏழாமிடத்தில் சகோதரக் காரகன் ஏகனாய் தனித்து பாக்கிய கர்மாதிபதியுடன் பஞ்சம திரிகோணம் பெற்ற சகோதர ஸ்தானாதிபதியை ஸ்வக்ஷேத்திர உச்ச வுபய குருவுகளால் நோக்கப்பட்டிருந்தால் எட்டு வயது வரை சகோதரமைந்தில் தீர்க்கம் ஆண் மூன்று. ஜாதகன் ரோகியாயிருப்பனென்பர்.","In Rishaba Lagna, Saturn and Moon are in the 5th house; Mars is in the 7th house; Jupiter and Venus are in the 11th house. Mars, the significator of siblings, stands alone in the 7th house. The sibling house lord (Moon) joins Saturn and is placed in the 5th house, and is aspected by Jupiter, which is in its own sign, and exalted Venus. The native will have five siblings, of whom three brothers will be long-lived until age eight. The native will be afflicted by chronic illness.",Taurus,Chandra
Taurus-36,"ரிடப லக்கினம் 2-ல் சூரியன், சனி, 8-ல் செவ்வாய். எட்டாமிடத்தில் சகோதரக்காரகன் ஏகனாய் நின்று திவிதிய ஸ்தானம் பெற்ற சுக பாக்கிய கர்மாதிபதிகளால் நோக்கப் பட்டிருந்தால் ஜாதகனுக்கு முன் ஆணிரண்டு மரணம். பின் விர்த்தியில்லை. சமயோகம், ஆயுள் விர்த்தியனாமென்பர்.","In Rishaba Lagna, the Sun and Saturn are in the 2nd house; Mars is in the 8th. Mars, the significator of siblings, stands alone in the 8th house. It is aspected by the lords of comfort (4th), and fortune/karma (9th)—all placed in the 2nd house. The native had two elder brothers, both of whom died. There will be no younger siblings. The native will have spiritual association and longevity with prosperity.",Taurus,Chandra
Taurus-37,"ரிடப லக்கினம் 8-ல் செவ்வாய், சந்திரன், 9-ல் சனி. எட்டாமிடத்தில் சகோதரக்காரகன் சகோதர ஸ்தானாதிபதியான சந்திரனுடன் கூடி ஸ்வக்ஷேத்திர பாக்கிய கர்மாதிபதியால் சகோதர ஸ்தானத்தை நோக்கப்பட்டிருந்தால் ஜாதகனுடன் பெண்ணொன்று. பெண் மேன்மை. கழுத்தில் பேதமுண்டென்பர்.","In Rishaba Lagna, Mars and the Moon are in the 8th; Saturn is in the 9th. Mars, the significator of siblings, is joined with the sibling house lord (Moon) in the 8th. The sibling house (3rd) is aspected by Saturn, lord of fortune and karma, placed in his own sign. The native will have one sister, who will be prominent or prosperous. The native will have a neck-related deformity or mark.",Taurus,Chandra
Taurus-38,"ரிடப லக்கினம் 7-ல் குரு, 8-ல் செவ்வாய், கேது, சூரியன் எட்டாமிடத்தில் சகோதரக்காரகன், நான்காமாதி, கேது இவர்களுடன் கூடி சகோதர ஸ்தானத்தை சப்தம கேந்திரம் பெற்ற அஷ்டம லாபாதிபதியால் நோக்கப்பட்டால் சகோதரம் பதிமூன்றில் தீர்க்கம் ஆணிரண்டு, பெண்ணான்கு, ஜேஷ்டனுக்கு இரண்டு தாரமுண்டென்பர்.","In Rishaba Lagna, Jupiter is in the 7th; Mars, Ketu, and the Sun are in the 8th. Mars, the significator of siblings, is joined with the 4th lord and Ketu in the 8th house. The sibling house (3rd) is aspected by Jupiter, the lord of the 8th and 11th, which is placed in the Kendra (7th). The native will have thirteen siblings in total: two brothers and four sisters, who will be long-lived. The eldest sibling will have two spouses.",Taurus,Chandra
Taurus-39,"ரிடப லக்கினம் 8-ல் செவ்வாய், 9-ல் குரு, ராகு,புதன். எட்டாமிடத்தில் சகோதரக்காரகன் ஏகனாய் நின்று ஒருவரும் பாராமல் சகோதர ஸ்தானத்தை பாக்கிய ஸ்தானம் பெற்ற புதன், குரு, ராகு இவர்களால் நோக்கப்பட்டால் ஜேஷ்டன் மரணம். ஜாதகனே ஜேஷ்டன். சகோதரம் ஏழில் ஆண் நான்கு,பெண்ணிரண்டு தீர்க்கமென்பர்.","In Rishaba Lagna, Mars is in the 8th; Jupiter, Rahu, and Mercury are in the 9th. Mars, the significator of siblings, stands alone in the 8th house, un-aspected by any planet. The sibling house (3rd) is aspected by Mercury, Jupiter, and Rahu, all placed in the house of fortune (9th). The eldest sibling dies, and the native becomes the eldest. The native will have seven siblings: four brothers and two sisters, all of whom will be long-lived.",Taurus,Chandra
Taurus-40,"ரிடப லக்கினம் 8-ல் செவ்வாய், கேது, 9-ல் சந்திரன். எட்டாமிடத்தில் சகோதரக்காரகன் கேதுவுடன் கூடி ஒருவரும் பாராமல் சகோதர ஸ்தானாதிபதியான சந்திரன் நவ திரிகோணமேறி திருதிய ஸ்தானத்தை நோக்கப் பட்டிருந்தால், நாலு கால் ஜீவன் ஜெனித்த பிறகு ஜாதகன் பிறப்பனென்பர்.","In Rishaba Lagna, Mars and Ketu are in the 8th house; the Moon is in the 9th house. Mars, the significator of siblings, is joined with Ketu in the 8th house and receives no aspect from any planet. The sibling house lord (Moon) is placed in the 9th, a trinal house, and aspects the 3rd house. The native is born after the birth of a four-legged animal.",Taurus,Chandra
Taurus-41,"ரிடப லக்கினம் 9-ல் செவ்வாய், சனி, 11-ல் கேது, சந்திரன் ஒன்பதாமிடத்தில் சகோதரக் காரகன் உச்சனாகி ஸ்வக்ஷேத்திர இரவி புதல்வனுடன் கூடி லாபஸ்தானமேறிய திருதியாதிபதியுடன்  கேது கூடியிருந்தால் ஜாதகன் முதலாவது அரிட்டமாவனென்பர்.","In Rishaba Lagna, Mars and Saturn are in the 9th; Ketu and the Moon are in the 11th. Mars, the significator of siblings, is exalted in the 9th and joined with Saturn, the lord of fortune and karma, in his own sign. The 3rd lord (Moon), placed in the house of gains (11th), is joined with Ketu. The native is said to be the firstborn, but born after a misfortune.",Taurus,Chandra
Taurus-42,"ரிடப லக்கினம் 5-ல் சனி, 9-ல் செவ்வாய், 11-ல் குரு, சந்திரன். ஒன்பதாமிடத்தில் சகோதரக் காரகன்  ஏகனாய் நின்று சகோதர ஸ்தானாதிபதியான் சந்திரன்  ஸ்வக்ஷேத்திர லாப குருவுடன் கூடி, பஞ்சம ஸ்தானம் பெற்ற சனியால் நோக்கப்பட்டிருந்தால், தன் தாய்க்கு ஆண் மூன்று, பெண்ணொன்று தீர்க்கமென்பர்.","In Rishaba Lagna, Saturn is in the 5th; Mars is in the 9th; Jupiter and the Moon are in the 11th. Mars, the significator of siblings, stands alone in the 9th house. The sibling house lord (Moon) is joined with Jupiter, the lord of gains, in the 11th. And is aspected by Saturn, who is placed in the 5th house. The native’s mother will have three sons and one daughter, all of whom will be long-lived.",Taurus,Chandra
Taurus-43,"ரிடப லக்கினம் 3-ல் சந்திரன், 9-ல் செவ்வாய், 11-ல் குரு. ஒன்பதாமிடத்தில் சகோதரக் காரகன்  ஏகனாய் ஸ்வக்ஷேத்திர சகோதர ஸ்தானாதிபதியின் நோக்கம் பெற்று, சகோதர ஸ்தானாதிபன் அஷ்டம லாபாதிபதியின் பார்வை யடைந்திருந்தால் ஜாதகன் விர்த்தியில்லை. பின்னால் ஆண் ஜெனன முண்டென்பர்","In Rishaba Lagna, the Moon is in the 3rd; Mars is in the 9th; Jupiter is in the 11th. Mars, the significator of siblings, stands alone in the 9th house. It receives aspect from the sibling house lord (Moon), who is in its own sign. The Moon (3rd lord) is also aspected by Jupiter, lord of the 8th and 11th placed in the 11th house. The native will be born without siblings and without prosperity. Later, a male sibling will be born.",Taurus,Chandra
Taurus-44,"ரிடப லக்கினம் 3-ல் சந்திரன், 9-ல் செவ்வாய், ராகு. ஒன்பதாமிடத்தில் சகோதரக் காரகன்  ராகுவுடன் கூடி, ஸ்வக்ஷேத்திர சகோதர ஸ்தானாதிபதியின் பார்வை யடைந்திருந்தால், ஜாதகனுக்கு முன் ஆண் மூன்று, பெண்ணிரண்டு. பின்னாலெட்டுவரையில் பெண்ணொன்றென்பர்.","In Rishaba Lagna, the Moon is in the 3rd; Mars and Rahu are in the 9th. Mars, the significator of siblings, is joined with Rahu in the 9th house. It receives aspect from the Moon, lord of the sibling house (3rd), placed in its own sign. The native had three elder brothers and two elder sisters. After the native’s birth, one more sister will be born, before the native turns eight.",Taurus,Chandra
Taurus-45,"ரிடப லக்கினம் 4-ல் சனி, 9-ல் செவ்வாய், குரு, 10-ல் சந்திரன். ஒன்பதாமிடத்தில் சகோதரக் காரகன் நீச்ச குருவுடன் கூடி, தசம கேந்திர பெற்ற சகோதர ஸ்தானாதிபதியை பாக்கிய கர்மாதிபதியால் நேரே நோக்கப் பட்டால் ஜாதகனுடன் துவாதசத்தில் ஆண்களேயதிகம் தீர்க்கமென்பர்","In Rishaba Lagna, Saturn is in the 4th; Mars and Jupiter are in the 9th; the Moon is in the 10th. Mars, the significator of siblings, is joined with Jupiter, who is debilitated. The sibling house lord (Moon), placed in the Kendra (10th), is directly aspected by Saturn, the lord of fortune and karma. The native will have many siblings, with more brothers than sisters, totalling twelve births. These siblings will be long-lived.",Taurus,Chandra
Taurus-46,"ரிடப லக்கினம் 3-ல் சனி, 10-ல் செவ்வாய். பத்தாமிடத்தில் சகோதரக் காரகன் ஏகனாய் தனித்து ஒருவரும் பாராமல் பாக்கிய கர்மாதிபதியான காரி சகோதர ஸ்தானம் பெற்றிருந்தால் சகோதரம் ஆண் நான்கு, பெண்ணிரண்டில் தீர்க்கம் ஆணுபயம். ஜேஷ்டன் பொருந்தான். நாற்பதில் மரிப்பனென்பர்.","In Rishaba Lagna, Saturn is in the 3rd house; Mars is in the 10th house. Mars, the significator of siblings, stands alone in the 10th house, un-aspected by any planet. The sibling house (3rd) is occupied by Saturn, who is the lord of fortune and karma. The native will have six siblings: four brothers and two sisters. Among them, two brothers will be long-lived. The eldest sibling will be incompatible with the native. The native will die around age forty.",Taurus,Chandra
Taurus-47,"ரிடப லக்கினம் 3-ல் சந்திரன், 10-ல் செவ்வாய், சனி, சுக்கிரன் பத்தாமிடத்தில் சகோதரக் காரகன் ஜன்ம ரோக பாக்ய கர்மாதிபதிகளுடன் கூடி, மூன்றாமாதி ஆக்ஷி பெற்றிருந்தால் சகோதரங்கள் விர்த்தியில்லாமல் ஜாதகன் தனிப்பட்டு அலைந்து உபாய ஜீவனமாகவே கஷ்ட காலட்சேபம் செய்து ஜீவிப்பனென்பர்.","In Rishaba Lagna, the Moon is in the 3rd; Mars, Saturn, and Venus are in the 10th. Mars, the significator of siblings, is joined in the 10th house with the lords of birth (1st), disease (6th), fortune (9th), and karma (10th). The sibling house (3rd) is aspected by this conjunction. The native will have no supportive siblings and will wander alone, living by makeshift means, enduring hardship and time-consuming struggle for survival.",Taurus,Chandra
Taurus-48,"ரிடப லக்கினம் 6-ல் சந்திரன், சூரியன், கேது, புதன், 10-ல் செவ்வாய். பத்தாமிடத்தில் சகோதரக் காரகன் ஏகனாய் நின்று ஒருவரும் நோக்காமல், சகோதர ஸ்தானாதிபதியான சந்திரன் சஷ்டாட்டகத்தில் ரவி, புதன், கதிர் கொடிப்பகை இவர்களுடன் கூடியிருந்தால் ஜெனித்தவுடன் தனக்கும் தாய்க்கும் ரோகம். ஜாதகன் மரணமென்பர்.","In Rishaba Lagna, the Moon, Sun, Ketu, and Mercury are in the 6th; Mars is in the 10th. Mars, the significator of siblings, stands alone in the 10th house, un-aspected by any planet. The sibling house lord (Moon) is placed in the 6th house, joined with the Sun, Mercury, and Ketu, forming a hostile combination. If this configuration occurs, then at birth, both the native and the mother will suffer from illness. The native is said to face early death.",Taurus,Chandra
Taurus-49,"ரிடப லக்கினம் 3-ல் சந்திரன், 10-ல் செவ்வாய், சூரியன், புதன். பத்தாமிடத்தில் சகோதரக் காரகன்  தன சுக பஞ்சமாதிபதிகளுடன் கூடி சகோதர ஸ்தானாதிபதி ஸ்வக்ஷேத்திரம் பெற்றிருந்தால் ஜாதகன் விர்த்தி தீர்க்கமுண்டாம். சகோதரம் ஆணிரண்டு, பெண் மூன்றென்பர்.","n Rishaba Lagna, the Moon is in the 3rd; Mars, the Sun, and Mercury are in the 10th. Mars, the significator of siblings, is joined with the lords of wealth (2nd), comfort (4th), and intelligence/children (5th) in the 10th house. The sibling house lord (Moon) is placed in its own sign in the 3rd house. The native will have a prosperous and long-lasting livelihood. There will be five siblings: two brothers and three sisters.",Taurus,Chandra
Taurus-50,"ரிடப லக்கினம் 5-ல் சந்திரன், 10-ல் செவ்வாய். பத்தாமிடத்தில் சகோதரக் காரகன்  ஏகனாய் தனித்து மூன்றாமாதி பஞ்சம திரிகோணம் பெற்று குஜன் திசையிலுதித்தால் ஜாதகனுடன் ஆண் மூன்று, பெண்ணிரண்டு. பின்னால் தனித்தனி பெண் மூலம் பிரிந்து தேசமாரலாவரென்பர்.","In Rishaba Lagna, the Moon is in the 5th; Mars is in the 10th. Mars, the significator of siblings, stands alone in the 10th house; the third lord, Moon, is placed in the 5th house. If the native is born during Mars Dasha, The native will have five siblings: three brothers and two sisters. Later in life, due to individual female influences, the native will become separated and may migrate to another land.",Taurus,Chandra
Taurus-51,"ரிடப லக்கினம் 9-ல் சந்திரன், 11-ல் செவ்வாய். பதினோராமிடத்தில் சகோதரக் காரகன் ஏகனாய் நின்று ஒருவரும் நோக்காமல் பிதுர் ஸ்தானம் பெற்ற சந்திரனால் சகோதர ஸ்தானத்தை பார்க்கப் பட்டிருந்தால் ஜாதகன் தனவான். சகோதரம் ஒன்பதில் ஆண்  நான்கு தீர்க்கம். சகோதரங்கள் புத்திர தோஷத்தை அடைவார்களென்பர்.","In Rishaba Lagna, the Moon is in the 9th house; Mars is in the 11th house. Mars, the significator of siblings, stands alone in the 11th house, un-aspected by any planet. The sibling house (3rd) is aspected by the Moon, who is placed in the paternal house (9th). The native will be wealthy. Out of a total of nine siblings, four brothers, all of whom will be long-lived. However, the siblings will suffer from putra dosha—affliction or obstacles related to children.",Taurus,Chandra
Taurus-52,"ரிடப லக்கினம் 7-ல் சனி சந்திரன், 11-ல் செவ்வாய், குரு. பதினோராமிடத்தில் சகோதரக் காரகன் ஸ்வக்ஷேத்திர அஷ்டம லாபாதிபதியுடன் கூடி, சகோதர ஸ்தானாதிபன் நீச்சனாய் சனியுடன் சப்தம கேந்திரம் பெற்றிருந்தால் ஜாதகன் ஓராண்டில் மரணமென்பர்.","In Rishaba Lagna, Saturn and the Moon are in the 7th; Mars and Jupiter are in the 11th. Mars, the significator of siblings, is joined with Jupiter, who is both the 8th and 11th lord, and is in his own sign. The sibling house lord (Moon) is debilitated and joined with Saturn in the Kendra (7th house). If this configuration occurs, the native is said to die within one year of birth.",Taurus,Chandra
Taurus-53,"ரிடப லக்கினத்தில் சனி, 11-ல் செவ்வாய், சூரியன். பதினோராமிடத்தில் சகோதரக் காரகன் நான்காமாதியுடன் கூடி சகோதர ஸ்தானத்தை லக்கின கேந்திரம் பெற்ற பாக்கிய கர்மாதிபதியால் நோக்கப் பட்டால், சகோதரம் திருதியத்தி  லொன்று ஒருவன் புத்திர தோஷமுடையவனா யிருப்பனென்பர்.","In Rishaba Lagna, Saturn is in the Lagna; Mars and the Sun are in the 11th. Mars, the significator of siblings, is joined with the 4th lord in the 11th house. The sibling house (3rd) is aspected by the lords of fortune and karma, placed in Lagna Kendra. Among the native’s siblings, one brother—born as the third sibling—will suffer from putra dosha (affliction related to children).",Taurus,Chandra
Taurus-54,"ரிடப லக்கினம் 5-ல் குரு, 11-ல் செவ்வாய், கேது பதினோராமிடத்தில் சகோதரக் காரகன் சிகியுடன் கூடி பஞ்சம திரிகோணம் பெற்ற அஷ்டம ளாபாதிபதியால் நோக்கப் பட்டால் ஜாதகன் ஜெனித்தபின் தடாகம் உற்பத்தியுண்டாம். முன்னால் பெண் மூன்று, பின்னும் சகோதரமுண்டாம்.","In Rishaba Lagna, Jupiter is in the 5th; Mars and Ketu are in the 11th. Mars, the significator of siblings, is joined with Ketu in the 11th house. It receives aspect from Jupiter, the 8th and 11th lord, placed in the 5th house, forming a trinal (5th–11th) connection. After the native’s birth, a pond or water body will be created. The native had three elder sisters, and more siblings would be born later.",Taurus,Chandra
Taurus-55,"ரிடப லக்கினத்தில் சனி, 8-ல் சந்திரன், 11-ல் செவ்வாய், சுக்கிரன். பதினோராமிடத்தில் சகோதரக் காரகனாகிய குஜன் சுக்கிரனுடன் கூடி, மூன்றாமாதி அஷ்டமம் பெற்று சகோதர ஸ்தானத்தை லக்கின கேந்திரம் பெற்ற முடவனால்  நோக்கப் பட்டிருந்தால் ஜாதகனுடன் ஆண் மூன்று, பெண்ணொன்று. ஒருவனுக்குக் காலூனமென்பர்.","In Rishaba Lagna, Saturn is in the Lagna; the Moon is in the 8th; Mars and Venus are in the 11th. Mars, the significator of siblings, is joined with Venus in the 11th house. The sibling house (3rd) lord is in the 8th house, and it receives aspect from a planet placed in a Kendra from Lagna (Saturn). The native will have four siblings: three brothers and one sister. One of the brothers will suffer from a leg-related disability.",Taurus,Chandra
Taurus-56,"ரிடப லக்கினம் 3-ல் சுக்கிரன், 9-ல் சந்திரன், 12-ல் செவ்வாய். பனிரெண்டாமிடத்தில் சகோதரக் காரகனாகிய குஜன் ஸ்வக்ஷேத்திரனாய் ஒருவரும் நோக்காமல் சகோதர ஸ்தானத்தில் சுக்கிரனிருந்து மூன்றாமாதியால் நோக்கப் பட்டால் முந்தி ஆண். ஜாதகன் நான் கு வயதில் மரணமாவனென்பர்.","In Rishaba Lagna, Venus is in the 3rd house; the Moon is in the 9th house; Mars is in the 12th house. Mars, the significator of siblings, is in its own sign (Aries) in the 12th house, standing alone, un-aspected by any planet. The sibling house (3rd) is occupied by Venus, and is aspected by the sibling house lord Moon placed in the 9th house. The native had an elder brother. The native is said to die at the age of four.",Taurus,Chandra
Taurus-57,"ரிடப லக்கினம் 6-ல் சனி, 9-ல் குரு, 12-ல் செவ்வாய். பனிரெண்டாமிடத்தில் சகோதரக் காரகன் ஏகனாய் நின்று உச்ச சனியால் நோக்கப்பட்டு சகோதர ஸ்தானத்தை நீச்ச குருவால் பார்க்கப் பட்டுமிருந்தால் ஜாதகன் நான்கு வயதில்  மரணம். பின்னால் ஆணிரண்டு தீர்ர்க்கமென்பர்.","In Rishaba Lagna, Saturn is in the 6th; Jupiter is in the 9th; Mars is in the 12th. Mars, the significator of siblings, stands alone in the 12th house and is aspected by exalted Saturn placed in the 6th house. The sibling house (3rd) is aspected by debilitated Jupiter placed in the 9th house. The native is said to die at the age of four. After the native’s death, two male siblings will be born, and they will be long-lived.",Taurus,Chandra
Taurus-58,"ரிடப லக்கினம் 2-ல் குரு, 10-ல் சந்திரன், சனி, 12-ல் செவ்வாய். பனிரெண்டாமிடத்தில் சகோதரக் காரகனாகிய குஜன் ஏகனாய் தனித்து ஒருவரும் சேர்க்கையின்றி திருதியாதிபதி தசம கேந்திரத்தில் ஸ்வக்ஷேத்திர சனியுடன் கூடி, த்விதிய ஸ்தானத்திலிருக்கும் அஷ்டம லாபாதியபதியின் நோக்கம் பெற்றிருந்தால் ஜாதகனுக்கு முன்னிரண்டு பின் மூன்று, ஜாதகன் தெண்டனையடைந்து அற்ப ஜீவனென்பர்.","In Rishaba Lagna, Jupiter is in the 2nd house; the Moon and Saturn are in the 10th house; Mars is in the 12th house. Mars, the significator of siblings, stands alone in the 12th house, without any conjunction or aspect. The 3rd lord (Moon) is placed in the Kendra (10th), joined with Saturn in its own sign. The 2nd house is occupied by Jupiter, who is also the 8th and 11th lord, and aspects the 10th. The native had two elder siblings and will have three younger siblings. The native will suffer from speech impairment and lead a lowly or constrained life.",Taurus,Chandra
Taurus-59,"ரிடப லக்கினம் 3-ல் சந்திரன், 9-ல் சுக்கிரன், 12-ல் செவ்வாய், பனிரெண்டாமிடத்தில் சகோதரக் காரகனாகிய குஜன் ஏகனாய் நின்று ஸ்வக்ஷேத்திரம் பெற்ற மூன்றாமாதியை ஜென்ம ரோகாதிபதியால் நோக்கப் பட்டால் சகோதரம் ஆணிரண்டு பெண்மூன்றில் ஆணொன்று தீர்க்கம். தாய் மூலம் வந்த பொருள்களெல்லா மழிந்து குடும்பத்தில் கஷ்டமுண்டென்பர்.","In Rishaba Lagna, the Moon is in the 3rd; Venus is in the 9th; Mars is in the 12th. Mars, the significator of siblings, stands alone in the 12th house in its own sign (Aries). The Moon, placed in the 3rd house (the sibling house), is aspected by the lord of birth and disease (Venus), which is also placed in the 9th house. The native will have five siblings: two brothers and three sisters. Among them, only one brother will be long-lived. All wealth or assets received through the mother will be lost, and the family will face hardship.",Taurus,Chandra
Taurus-60,"ரிடப லக்கினம் 3-ல் சூரியன்,  கேது, 12-ல் செவ்வாய். பனிரெண்டாமிடத்தில் சகோதரக் காரகன் ஏகனாய் நின்று சகோதர ஸ்தானத்தில் சுகதியுடன் கேது கூடியிருந்தால் ஜாதகன் முதலாவது. தன்னுடன் ஆணொன்று, பெண்கள் நான்கு. மாமனேழை, ஜாதகன் மத்திமாயுளுடையவனென்பர்.","In Rishaba Lagna, the Sun and Ketu are in the 3rd house, while Mars is in the 12th house. Mars, the significator of siblings, stands alone in the 12th house. The sibling house (3rd) contains Ketu, joined with the lord of comfort (4th). The native is the eldest child. He will have one brother and four sisters. His maternal uncle will be poor, and the native will have a moderate lifespan.",Taurus,Chandra
