VerseNo,TamilVerse,EnglishTranslation,Lagna,Khandam
1,"உதயத்தில், பஞ்சமாதிபதி உச்சனாயும், லக்கின, அஷ்டமாதிபதியான அங்காரகன் தசம கேந்திரம் நின்று, பிதுர் ஸ்தானாதிபதி த்விதிய ஸ்தானத்தில் நின்றால், பிதாவின் சகோதரம் பெண் ஒன்று. பிதா வித்தை யில்லாதவனாயும், சுகமில்லாதவனாயுமிருப்பான்.","Fifth lord Sun exalted and placed in the first house (Aries), Lord of Lagna and 8th house Mars is in the 10th house, lord of the Pitru sthana, i.e., 9th house, Jupiter is in the 2nd house.The native’s father will have only one sister. His father will be without education, without any skills, and will also be unhealthy. He will be a person with fewer comforts.",Aries,Surya
2,"உதயத்தில் பிதுர்க்காரகனும், மூன்றாமிடத்தில், சகோதரி, புத்திரகாரகர்கள் நின்று லக்கினத்தை ஆயுள் காரகனால் நோக்கப்பட்டிருந்தால், பிதுர் வர்க்கம் ஆண்-6, பெண்-4 விர்த்தி. ஜாதகனுக்கு 16-வது வருடத்தில், பிதாவுக்கு மரண கெண்டமுண்டாம்.","Pitru karaka Sun is in Aries Lagna, Bhratru and putra karaka Mars and Jupiter in the 3rd house, and Ayush karaka Saturn is aspecting the Lagna from Aquarius. The native’s father will have six brothers (as stated in the Pitru Varga, the native has six persons) and four sisters, and they will prosper. The father will pass away when the native is 16 years old.",Aries,Surya
3,"உதயத்தில் பிதுர்க்காரகன், வித்தியாகாரகன், களத்திரகாரகன் இவர் மூவரும் கூடி, பிதுர் ஸ்தானாதிபதியால் பார்க்கப்பட்டிருந்தல், பிதா, மன்னர்கள் மூலம் பொருள் சேர்ப்பன், சுகவான், பிதா ஏகன் யென்பர்.","Karaka for Father, Education, and spouse (Sun, Mercury, and Venus) are placed in the Lagna and are aspected by the lord of the house of the father. The lord of the 9th house, Jupiter, is aspecting the Lagna from Leo. The Native’s father will accumulate wealth through the King, living in a comfortable and happy position. There will be no other member except the native’s father in the native’s father’s lineage.",Aries,Surya
4,"உதயத்தில் பஞ்சமாதிபதியும் புதனும் கூடி, பிதுர்ஸ்தானத்தை, சகோதர காரகனால் பார்க்கப்பட்டிருந்தால் பிதாவின் சகோதரம் ஏக ஆண். கிருஷி மூலம் ஜீவனம். ஜாதகனுக்கு 16 வரையில், பிதா தீர்க்கமென்பர்.","Panchama sthana lord (Sun) and Mercury are placed in Aries Lagna, and the Pitru sthana (9th house) is aspected by Bhratru Karaka (Mars) placed in Taurus. Native’s father will have one brother. His livelihood is through agriculture. Until the age of 16, the native's father will be alive.",Aries,Surya
5,"உதயத்தில் பிதுர்க்காரகன், உச்சனாய், சுக்கிரன், சனியுடன் கூடியிருந்தால், தந்தை வர்க்கம் ஆண்-4, பெண்-4. ஜாதகனுக்கு 27 வயது வரையில் தந்தை வர்க்கத்தில், 3-ல் உபயம் விர்த்தி என்பர்.","Sun is exalted and is placed with Venus and Saturn in Aries Lagna. Native’s father’s lineage will have four males and four females. Until the native is 27 years old, there will be additions in the 3rd generation of the father’s lineage.",Aries,Surya
6,"இரண்டாமிடத்தில், பிதுர்க்காரகன் மதி மகனுடன் கூடி, பிதுர் ஸ்தானத்தை சுக்கிரனால் பார்க்கப்பட்டிருந்தால் பிதுர் சகோதரம் விர்த்தி மூன்று, ஜாதகனுக்கு 5 வயதிற்குள், தந்தை மரணமாவானென்பர்.","In the second house to Aries Lagna, Pitru Karaka (Sun) is with the son of Moon (Mercury), and Pitru sthana (9th house) is aspected by Venus. The native's father will have three siblings, and they will prosper. Before the native attains the age of 5, his father will pass away.",Aries,Surya
7,"இரண்டாமிடத்தில் பிதுர்க்காரகன், மதி, சுக்கிரன், தெய்வ குரு இவர்களுடன் கூடி, ஒன்பதாமிடத்தில், ஞான காரகனிருந்தால், ஜாதகனுக்கு 27 வயதில் தந்தைக்கு மரண கெண்டமுண்டென்பர்.","In the 2nd house (Aries Lagna), Pitru karaka (Sun), Moon, Venus, Deva guru (Jupiter) are all placed. And in the 9th house, Jnana karaka (Rahu) is placed. When the native attains the age of 27, his father will get a death like situation (or he may pass away).",Aries,Surya
8,"இரண்டாமிடத்தில், பிதுர்க்காரகன் புதன், மோக்ஷகாரகனுடன் கூடி, ஒன்பதாமிடத்தில் பூமகனிருந்தால் தந்தைக்கு, 67-வது வயதில் மரணகெண்டமுண்டாமென்பர்.","In the 2nd house to Aries Lagna, Pitru karak (Sun) is with Mercury and Moksha karaka (Ketu), and in the 9th house, Mars is placed. Father will be experiencing a death-like situation in his 67th year.",Aries,Surya
9,"இரண்டாமிடத்தில் பிதுர்க்காரகன், சுக்கிரன், கேது, இவர்களுடன் கூடி, நான்காமாதியால் பார்க்கப்பட்டிருந்தால், பஞ்சமாதிபதி திசையில் கிரக நாசம், தன நஷ்டம். மாமன் வர்க்க நாசம். களத்திர நாசம் முதலிய பலனுண்டாம்.","In the second house, Pitru karaka Sun, Venus, and Ketu are placed, and this combination is aspected by the 4th lord – Moon. So, Moon is placed in Scorpio. In the dasa of Panchama sthana lord (i.e., Sun dasa), destruction of the house, loss of wealth, the destruction of the lineage of an uncle, and loss of wife will be there.",Aries,Surya
10,"இரண்டாமிடத்தில் பிதுர்க்காரகனிருந்து, கர்ம லாபாதி பதியால் பார்க்கப்பட்டு, ஒன்பதாமிடத்தை, திரிதிய ரோகாதிபதியால், நோக்கப்பட்டிருந்தால், பிதுராதீனம் மாறுபடுமாம். ஜாதகனுக்கு பத்து வயதிற்குள் பிதா மரணமடைவாரென்பர்.","Pitru karaka Sun is in the 2nd house, aspected by Karma and Labha sthana lord (10th and 11th lord Saturn), and the 9th house is aspected by 3rd and Roga sthana lord Mercury.  Native’s father will die before he reaches his 10th year.",Aries,Surya
11,"மூன்றாமிடத்தில் பிதுர்க்காரகனும், பிதுர் ஸ்தானாதிபதி நான் காமிடத்தில் உச்சனாயிருந்தால், தந்தை சகோதரம் நான்கில், விர்த்தி மூன்று. அதில் ஏகன் ஞானியாவான். பஞ்சமாதிபதி திசையில் குடும்பத்தில் ரொணபாதைகளுண்டாமென்பர்.","In the 3rd house to Aries Lagna, Pitru karaka Sun is placed. Pitru sthana lord, which is the lord of the 9th house- Jupiter is exalted in the 4th house. Father’s family will consist of four, of whom three will prosper and live long. Out of the three brothers, one will be a person of wisdom or a Jnani. In the dasa of the fifth lord, i.e., Sun dasa, the family will be subjected to diseases.",Aries,Surya
12,"மூன்றாமிடத்தில் பிதுர்க்காரகன் சுகாதிபதியுடன் சம்மந்தனாகி பிதுர் ஸ்தானாதிபதியால் பார்க்கப்பட்டால், ஜாதகன் யோக்கியனாயும், பூமி, தனம், பந்து சவரக்ஷணையுள்ளவனா யிருப்பானென்பர்.","In the 3rd house to Aries Lagna Pitru karaka Sun is placed with the lord of Sukha sthana Moon, which is the 4th house, and this conjunction is aspected by Pitru sthana lord, i.e. the 9th house lord Jupiter from Sagittarius. The native will be an honest man, possessing land and wealth, and will enjoy family security. The word சவரக்ஷணை refers to family security. It encompasses actions taken to safeguard the well-being of a family. They may include financial planning, emergency preparedness and ensuring family safety.",Aries,Surya
13,"மூன்றாமிடத்தில் பிதுர்க்காரகன் ஞானகாரகனுடன் கூடி, ஒன்பதாமாதிபதி நீச்சமடைந்திருந்தால், பிதா ஏகன், அல்ப சுகமுள்ளவன். பஞ்சமாதிபதி திசையில் கிரக விர்த்தி, பொருள் சேர்க்கை முதலிய பலனுண்டாமென்பர்.","In the 3rd house to Aries Lagna, Pitru Karaka (Sun) is placed with Gnana Karaka (Rahu) and the 9th lord is debilitated. So, Jupiter, the 9th lord, must be placed in Capricorn. Native will be fond of trivial pleasures or momentary pleasures. In the dasa of the 5th lord, which is Sun, there will be growth in the house, wealth accumulation and the like results will follow.",Aries,Surya
14,"மூன்றாமிடத்தில் பிதுர்க்காரகனமர்ந்து, சனியால் பார்க்கப்பட்டு, பிதுர் ஸ்தானாதிபதி ஆக்ஷி பெற்றிருந்தால், தந்தை வர்க்கம் இரண்டாம். ஜாதகனுக்கு பனிரண்டாவது வயதில் பிதா மரணமடைவானென்பர்.","In the 3rd house to Aries Lagna, Pitru karaka Sun is sitting and is aspected by Saturn from Virgo and the Lord of Pitru sthana, i.e., 9th house lord, is placed in his own house. Father’s family will have two siblings. When the native is 12 years old, the father will die.",Aries,Surya
15,"மூன்றாமிடத்தில் பிதுர்க்காரகனிருந்து, பிதுர் ஸ்தானாதிபதியால் நோக்கமுண்டானால், ஜாதகனுக்குப் பிரதமப் பெண் ஜெனித்தவுடன் தந்தை சிவபதவி அடைவனென்பர்.","In the 3rd house to Aries Lagna, Pitru Karaka Sun is placed and is aspected by Pitru Sthana Lord, i.e., 9th house lord Jupiter placed in Aquarius. When the native gets his first girl child, his father will pass away.",Aries,Surya
16,"நான் காமிடத்தில் பிதுர்க்காரகன், பித்ரு ஸ்தானாதிபதியுடன் கூடி, பிதுர் ஸ்தானத்தை அசுர குருவால் பார்க்கப்பட்டிருந்தால், பிதா கல்வி மூலம் ஜீவிப்பான். மதலை துவேசியா யிருப்பனென்பர்.","In the 4th house to Aries Lagna, Pitru Karaka, Sun is with Pitru Sthana lord, i.e.,9th house lord Jupiter. The Pitru sthana, i.e., the 9th house, is aspected by Asura (demon) Guru, who is Venus. So, Venus is placed in the 3rd house to the Lagna. Father’s livelihood will be through education. மதலை This Tamil word has got many meanings—a boat, a raft, a child, etc. The verse says that the native will be averse to மதலை. We can assume he will be averse to children.",Aries,Surya
17,"நான்காமிடத்தில் பிதுர்க்காரகன் புலவனுடன் சம்மந்தப்பட்டு, நான் காமாதிபதியின் திருஷ்டி உண்டாகி, பிதுர் ஸ்தானத்தில் பளிங்கு, ராகு கூடியிருந்தால் தந்தை வர்க்கம் ஆண் இரண்டு, பெண் இரண்டு. ஜனன முதல் பிதா தெந்திசை மாரல் யென்பர்.","In the 4th house to Aries Lagna, Karaka for father is conjoined with the poet (Mercury) and is getting the aspect of 4th lord Moon (placed in Capricorn), and in the house of father, i.e. the 9th house, Rahu and Venus are placed. In the father’s lineage, there will be two male and two female members or siblings. From birth, a native’s father will be subject to influences coming from the south.",Aries,Surya
18,"நான் காமிடத்தில், பிதுர்க்காரகன் ஏகனாயிருந்து, பிதுர் ஸ்தானத்தில் மதி, புகர், குஜன் இவர்கள் கூடியிருந்தால், ஜாதகனுக்கு ஐந்து வயதில் பிதாவுக்கு நெரியாண முண்டா மென்பர்.","In the 3rd house to Aries Lagna, Pitru Karaka (Sun) is placed. In the 9th house (Pitru Sthana), Moon, Venus, and Mars are together. When the native is 5 years old, his father will be placed in a situation that requires careful navigation. The literal meaning of the Tamil word ‘Neriyaanam- நெரியாணம் ‘is narrow path or passage requiring cautious navigation. It can also be stated that the father of the native will pass away when the native is 5 years old.",Aries,Surya
19,"நான் காமிடத்தில் பிதுர்க்காரகனுடன் புதன் கூடி, பிதுர் ஸ்தானத்தில் அசுர குரு, சிகி கூடியிருந்தால், தந்தை வர்க்கம் ஆண்-2, பெண் -1. ஜாதகன் மேலான வித்தை, புகழுடையவனா யிருப்பனென்பர்.","In the 4th house to Aries Lagna, along with the Pitru Karaka Sun, Mercury is placed, and in Pitru sthana, i.e. the 9th house, has Venus and Ketu. Lineage of father: 2 males and one female. The native will have an abundance of learning (good education) and will also be famous.",Aries,Surya
20,"நான்காமிடத்தில் பிதுர்க்காரகன் புதன், கதிர் மகன், ராகு இவர்கள் கூடி, ஒன்பதாமிடத்திலிருக்கிற, சுகாதிபதியை குஜனால் பார்க்கப்பட்டிருந்தால், தந்தை வர்க்கம் ஆண்-2. பிதாவுக்குக் குன்ம ரோகமுண்டாமென்பர்.","In the 4th house to Aries Lagna, Pitru Karaka Sun, Mercury, son of Sun, i.e., Saturn and Rahu are placed. The lord of Comfort, Moon, put in the 9th house, is aspected by Mars from Gemini. Lineage of father- two male members. Father will get a stomach disease. (Chronic dyspepsia)",Aries,Surya
21,"ஐந்தாமிடத்தில் பிதுர்க்காரகன் ஆக்ஷியாய், ரவி மகன் நோக்கி, நான் காமாதிபதி, ஒன்பதாமிடத்தில்ருந்தால் ஜாதகன் தனமுடையவன். இருபத்திரண்டு வயதிற்கு மேல், பிதா மரணமாவானென்பர்.","In the 5th house from Aries Lagna, Pitru Karaka Sun is placed in his own home, and is aspected by Saturn (from Scorpio) and 4th lord Moon is in the 9th house. The native will have wealth and property. After his 22nd year, his father will die.",Aries,Surya
22,"ஐந்தாமிடத்தில் பிதுர்க்காரகனுடன், அசுர குரு கூடி, ஒன்பதாமிடத்தில் மதியிருந்தால், பிதா ஏகன். பிதா தனவந்தனாயும் உத்தியோக முடையவனாயு  மிருப்பனென்பர்.","In the 5th house to Aries Lagna, Pitru Karaka Sun is with the Guru of demons or Asuras, i.e., Venus, and in the 9th house, Moon is there. In the lineage of the native’s father, he will be the lone member. Father will be wealthy and will have a profession or a service.",Aries,Surya
23,"ஐந்தாமிடத்தில் பிதுர்க்காரகனுடன், புதன் கூடி, ஒன்பதாமிடத்தை, லக்கினாதிபதியால் பார்க்கப் பட்டால், ஜாதகனுக்கு ஒன்பது வயதில் பிதுர் மரணம். பூர்வ நிதி அல்பம். சுயார்ச்சித முண்டானென்பர்.","In the fifth house to Aries Lagna, along with Pitru Karaka, Sun and Mercury are placed. The 9th house is aspected by Lagna Lord Mars placed in Gemini. When the native is 9 years old, his father will die, leaving only a little ancestral wealth. Self-acquired property will be there.",Aries,Surya
24,"ஐந்தாமிடத்தில் பிதுர்க்காரகன் மதி மகனுடன் சம்மந்தனாயும், பிதுர் ஸ்தானாதிபதி ராகுவுடன், லக்கின கேந்திரத்தில் கூடியிருந்தால், தந்தை ஏகன். வம்சனாஸ்தி. களத்திரம் -2, சேர்க்கை ஒன்று, வித்தையால் ஜீவனமென்பர்.","In the 5th house to Aries Lagna, Pitru Karaka Sun is with Mercury, the son of Moon, and in the Lagna Kendra, Pitru sthana lord Jupiter is with Rahu. Father will be the lone member of the lineage. The lineage will perish. There will be two wives, and one concubine will also be there. Livelihood is because of education.",Aries,Surya
25,"ஐந்தாமிடத்தில் பிதுர்க்காரகன் ஏகனாய் நின்று, பிதுர் ஸ்தானாதிபதி அசுர குருவுடன் புகர் க்ஷேத்திரத்தில் கூடியிருந்தால் பிதா புஜவல்லான் தனவான் பலமான மாட மாளிகையுண்டாம்.","In the 5th house to Aries Lagna, Pitru Karaka Sun is placed alone, and the 9th lord of father, Jupiter, is placed with Asura (demon) Guru, Venus in Libra. Father will be a skilled person in arms or combat. The term carries a sense of valour and capability in physical prowess. He will be a wealthy person. He will have strong and palatial Bungalows or a palace.",Aries,Surya
26,"ஆறாமிடத்தில் பிதுர்க்காரகன் பண்டிதனுடன் கூடி, குஜன், சனி இவர்கள் திருஷ்டி யுண்டாயிருந்தால் பிதா ஏகன், ஜாதகனுக்கு 36 வயதில் பிதா மரணத்தை யடைவனென்பர்.","In the 6th house to Aries Lagna Pitru Karaka, Sun is placed with Pandit, i.e., Mercury. This conjunction receives the aspect from Mars, placed in Gemini, and Saturn, placed in Pisces. Father will be the lone member of the lineage. When the native attains the age of 36, the father will die.",Aries,Surya
27,"ஆறாமிடத்தில் பிதுர்க்காரகன், கர்ம லாபாதிபதியுடன் கூடி, பிதுர் ஸ்தானாதிபதி ஞான காரகனுடன் லக்கின கேந்திரம் பெற்றால், தந்தை சகோதரம் இருவரில் ஜேஷ்டன் மரணம். பிதா பிரதேச வாசியென்பர்.","In the 6th house to Aries Lagna, Pitru Karaka, Sun is with Karma and Labha sthana lord, i.e., 10th and 11th house lord, Saturn. Lord of the house of father, i.e. the 9th house lord Jupiter, goes to Lagna Kendra along with Gnana Karaka, Ketu. In the father’s lineage out of two brothers, the elder one will die. Father will be living in another country.",Aries,Surya
28,"ஆறாமிடத்தில் பிதுர்க்காரகன் ஏகனாய் காரியால் நோக்கப் பட்டும் பிதுர் ஸ்தானாதிபதி லக்கினாதிபதியுடன் எட்டாமிடத்தில் கூடியிருந்தால் பிதா சகோதரம் ஆண் இருவர், பிதாவுக்கு என்றும் வறுமை ரொணமுண்டென்பர்.","In the 6th house to Aries Lagna, Pitru Karaka is placed alone and is aspected by Saturn from Cancer. Pitru Sthana lord Jupiter is placed in the 8th house with Lagna Lord. Native’s father will have two brothers (including the father). Father will always be in poverty. He will also have diseases.",Aries,Surya
29,"ஆறாமிடத்தில் பிதுர்க்காரகன், பிதுர் ஸ்தானாதிபதியுடன் கூடி, ஒன்பதாமிடத்தில் ராகுவுடன், லக்கின அஷ்டமாதிபதி நின்றிருந்தால், பிதாவின் வர்க்கம் ஆணிரண்டு. தனித் தனி உத்தியோக முடையவர்களய் பிறந்திருப்பார்களென்பர்.","In the 6th house to Aries Lagna, Pitru Karaka Sun is placed with Pitru Sthana Lord Jupiter and in the 9th house, Lagna and Ashtama Lord Mars is placed with Rahu. Father’s family will consist of two brothers. Both will have separate works.",Aries,Surya
30,"ஆறாமிடத்தில் பிதுர்க்காரகன் ஆறாமாதிபதியுடன் நின்று ஒன்பதாமிடத்தில் பிதுர் ஸ்தானாதிபதியுடன் மோக்ஷ காரகன் கூடியிருந்தால், ஜாதகனிரட்டையாக ஜெனனம், மாதமொன்றில் மரணமென்பர்.","In the 6th house to Aries Lagna Pitru Karaka, Sun is placed along with the 6th lord Mercury, and in the 9th house along with the Pitru sthana lord Jupiter. Moksha karaka Ketu is also placed. Native is born as one of the twins. He will die in a month or within a month.",Aries,Surya
31,"ஏழாமிடத்தில் பிதுர்க்காரகன் நீச்சனாய் ஒன்பதாமதியுடன் கூடி, நீச்ச திருஷ்டி பெற்று பிதுர் ஸ்தானத்தில் கேது ஏகனாய் நின்றால், தந்தை வர்க்கம் ஆண் ஐந்து, பெண் மூன்று, பிதாவுக்கு குன்ம ரோகமுண்டென்பர்.","In the 7th house to Aries Lagna, Pitru Karaka Sun is in debilitation and is with 9th house lord Jupiter and is aspected by debilitated Saturn from Aries and in the 9th house of father, Ketu is standing alone.Father’s lineage will consist of five male and three female members (meaning siblings). Father will get dyspepsia.",Aries,Surya
32,"ஏழாமிடத்தில் பிதுர்க்காரகன் 3-6-க்குடையவனுடன் கூடி, சுக கர்ம லாபாதிபதிகளால் பார்க்கப் பட்டால், ஜாதகனுக்கு இருபது வயதிற்குள் பிதா மரணத்தை யடைவனென்பர்.","In the 7th house to Aries Lagna, Pitru Karaka Sun is with 3rd and 6th house Lord Mercury and is aspected by Lords of 4th house of comforts, 10th house of Karma and 11th house of gains-Saturn. Before the native reaches the age of 20, his father will die.",Aries,Surya
33,"ஏழாமிடத்தில் பிதுர்க்காரகன் ஏகனாய் மைந்தன் திருஷ்டி பெற்று ஒன்பதாமிடத்தில் ராகு நின்றால், தந்தை வர்க்கம் ஆண் இரண்டு. ஜாதகனுக்கு, முப்பத்தோராமாண்டில் தந்தை காலனூர் ஏகுவனென்பர்.","In the 7th house to Aries Lagna, Pitru Karaka Sun is placed alone and is getting the aspect from Saturn (from Leo, Aries, or Capricorn). Rahu is placed in the 9th house. I have placed Saturn in Aries. The verse discusses the death of the father and Saturn, the maraka lord, from the 9th house of the father. If Saturn is placed in the 7th house from the Sun, it would be an appropriate position for the result. In the father’s lineage, there will be two male members. When the native attains the age of 31, his father will reach the abode of Yama.",Aries,Surya
34,"ஏழாமிடத்தில் பிதுர்க்காரகன் புலவன், ராகுவுடன் நின்று சுகாதிபதியால் பார்க்கப்பட்டு, பிதுர் ஸ்தானாதிபதி நீச்ச மடைந்திருந்தால், பிதுர் சகோதரம் ஆண்-4, பெண்-2 என்பர்.","In the 7th house to Aries Lagna, Pitru Karaka Sun is with poet Mercury and Rahu and aspected by the 4th lord of comfort Moon from Aries, and the 9th house lord of father is debilitated in Capricorn. Brothers to native’s father are four and sisters two.",Aries,Surya
35,"ஏழாமிடத்தில் பிதுர்க்காரகன், மால் வேந்தனுடன் கூடி, த்விதிய, சுக, சப்தமாதிபதிகளுடைய பார்வை பெற்றிருந்தால், பிதாவின் சகோதரம் இருவர், ஜாதகனுக்கு ஐந்து வயதில் பிதுர் நிரியாணம். பின் சகோதரர்களல் குடும்ப கலகமுண்டென்பர்.","In the 7th house to Aries, Pitru Karaka Sun is with Mercury and Jupiter and aspected by 2nd and 7th lord Venus and the 4th lord Moon placed in Aries. In this verse a word ‘மால் வேந்தனுடன்’ is given. I have taken it as Jupiter, as the word ‘மால்’ indicates Jupiter. ‘வேந்தன்’, as per the dictionary, indicates Sun, Moon, and Jupiter. Since the Sun and Moon are already placed, only Jupiter is revealed. Result: There will be two brothers to the father of the native. At the age of 5 years, the native's father died. Afterwards, there will be calamity in the family due to the brothers of his father.",Aries,Surya
36,எட்டாமிடத்தில் பிதுர்க்காரகன் திருதிய ரோகாதிபதியுடன் கூடி லக்கினாதிபதியால் பார்க்கப் பட்டு பிதுர் ஸ்தானாதிபதி ஸ்வக்ஷேத்திரனா யிருந்தால் பத்தாவ தாண்டில் தந்தை மாரலாவானென்பர்.,"In the 8th house to Aries Lagna, Pitru Karaka Sun is placed along with the 3rd and 6th lord Mercury and is aspected by Lagna Lord Mars (from Leo, Aries, or Taurus) and the 9th lord of Father Jupiter is placed in its own house. Father will die when the native is 10 years old",Aries,Surya
37,"எட்டாமிடத்தில் பிதுர்க்காரகன் குஜன், மதிமகனுடன் நின்று, ஒன்பதாமிடத்தில் பிதுர் ஸ்தானாதிபதியுடன் அசுர குரு கூடியிருந்தால், புதல்வர்களால் பிதா தூஷிக்கப்படுவான், ஜாதகனுக்குப் பத்தாண்டிற்கு மேல் பிதுர் கர்மமென்பர்.","For Aries Lagna, the Pitru Karaka Sun is positioned in the 8th house, accompanied by Mars and Mercury, the son of Moon, and in the 9th house, along with Pitru sthana Lord Jupiter, Asura (demon) Guru Venus is also placed. Father will be criticised or condemned by children. After 10 years, the native will have to perform Pitru Karma, meaning that the father will pass away.",Aries,Surya
38,"எட்டாமிடத்தில் பிதுர்க்காரகன் நாலாமாதிபதி, கேதுவுடன் கூடி, கர்ம லாபாதிபதி திருஷ்டி பெற்று பிதுர் ஸ்தானத்தில், புதன், கவி நின்றிருந்தால் பிதாவின் சகோதரம் ஆண் ஐந்து, பெண்ணிரண்டாம். பிதுர்கள் தனித்தனி பிரிந்திருப்பர் என்பர்","In the 8th house to Aries Lagna, Pitru Karaka Sun is with fourth lord Moon and Ketu, aspected by Karma and Labha sthana lord Saturn and in Pitru sthana Mercury and Venus are placed. The position of Saturn can be in Virgo, Aquarius, or Taurus. Father's brother will be five and sister will be two. All brothers will be living separately.",Aries,Surya
39,"எட்டாமிடத்தில் பிதுர்க்காரகன் ஏகனாய் நின்று, நான்காமாதிபதி பார்வை பெற்று பிதுர் ஸ்தானாதிபதி பஞ்சம திரிகோணத்தில் தனித் திருந்தால் பாக்கியாதிபதிபன் திசையில் சகல பாக்கியங்களு முண்டென்பர்.","In the 8th house to Aries Lagna Pitru Karaka, Sun is placed alone, aspected by 4th lord Moon from Taurus, 9th lord of father is placed in the 5th trikona and is alone. In the dasa of Bhagyadhipati, i.e... The 9th lord Jupiter indicates that the native will receive all blessings and fortunes.",Aries,Surya
40,"எட்டாமிடத்தில் பிதுர்க்காரகன் தனித்து, பூமகன் திருஷ்டியடைந்து, பாக்கியத்தில் கேது நின்று, ரவி புதல்வனால் பார்க்கப்பட்டால், ஜாதகன் குழந்தைப் பருவத்தில் பிதாவுக்கு மரணமுண்டென்பர்.","In the 8th house to Aries Lagna Pitru Karaka, Sun is placed alone and is receiving the aspect of son of earth, Mars from (Leo, Aries, or Taurus) and in the 9th house, Bhagya Ketu is placed and is aspected by son of Sun, Saturn. When the native is in childhood, the father will die.",Aries,Surya
41,"ஒன்பதாமிட த்தில் பிதுர்க்காரகன் பார்க்கவனுடன் கூடி, கர்ம லாபாதிபதியால் பார்க்கப்பட்டு, பிதுர் ஸ்தானாதிபதி சப்தம கேந்திரம் பெற்றிருந்தால், பிதா ஏகன், செல்வமுடையவன். ஜாதகன் உடனேமரணமென்பர்.","In the 9th house to Aries Lagna, Pitru Karaka Sun is placed with Bhargava (Venus) and is aspected by the Karma and Labha sthana lord i.e. 10th and 11th house lord-Saturn, and Pitru sthana lord i.e. the 9th house lord Jupiter is sitting in Sapthama (7th) Kendra.  Father was lone in his family with no siblings. Will have possession of wealth. Native will die immediately.",Aries,Surya
42,"ஒன்பதாமிடத்தில் பிதுர்க்காரகன் புத, சுக்கிரனிவர்களுடன் நின்று, பிதுர் ஸ்தானாதிபதியால் பார்க்கப்பட்டால், தந்தையின் வர்க்கம் பதிமூன்று. பிதா ஏகன் மட்டும் தீர்க்கம். மூன்றாண்டில் பிதாவுக்கு உத்தியோக மேன்மையுண்டென்பர்.","In the 9th house to Aries Pitru Karaka, Sun, Mercury and Venus are placed, and this combination is aspected by Pitru sthana lord Jupiter. Jupiter is in Gemini. There will be 13 people in the lineage of the father, but the native’s father alone will be alive. After three years of the child's birth, the father will receive professional upliftment.",Aries,Surya
43,ஒன்பதாமிடத்தில் பிதுர்க்காரகன் பிதுர்ஸ்தானா திபதியுடன் கலந்து கர்ம லாபாதிபதியால் நோக்கமுண்டானால் தந்தை வர்க்கம் பெண் ஏகம். பிதா உத்திர திசையை நோக்கி பலதேசம் சென்று பொருள் சேர்ப்ப னென்பர்.,"In the 9th house Pitru Karaka Sun is with Pitru sthana Lord Jupiter and is aspected by Karma and Labha sthana lord Saturn. In the lineage of the father, there will be one female sister. Father will head north and travel to many countries, accumulating wealth.",Aries,Surya
44,"ஒன்பதாமிடத்தில் பிதுர்க்காரகன் சேய், புலவனுடன் கூடி, பிதுர்ஸ்தானாதிபதியால் பார்க்கப்பட்டால், ஜாதகனுக்கு இளமையில் பிதுர் மரணமடைவனென்பர்","In the 9th house to Aries Lagna, Pitru Karaka Sun conjoins Mercury and Mars and the lord of the 9th house of father, Jupiter, aspects it. Jupiter is placed in Gemini. The Native’s father will die when the native is of an early age.",Aries,Surya
45,"ஒன்பதாமிடத்தில் பிதுர்க்காரகன் புதன், மோக்ஷகாரகனுடன் நின்று, பிதுர்ஸ்தானாதிபதி, த்விதிய சப்தமாதிபதியுடன் அஷ்டமம் பெற்றிருந்தால், ஜாதகன் பிறந்த ஆண்டில் பிதாவுக்கு மரணமென்பர்.","In the 9th house to Aries Lagna Pitru Karaka, Sun is with Mercury and moksha karaka Ketu. The lord of the 9th house of Father Jupiter and the lord of the 2nd and 7th house Venus, both are placed in the 8th house. In the year, the native was born, his father will die.",Aries,Surya
46,"பத்தாமிடத்தில் பிதுர்க்காரகன், இரண்டேழுக்குடையவனுடன் கூடி, பாக்கியாதிபதியால் திருஷ்டி பெற்று, பாக்கிய ஸ்தானத்தை சுகாதிபதியால் நோக்கு பெற்றிருந்தால் பத்து வருடம் வரையில் பிதாவுக்கு பொருள் விரையம், கஷ்டமுண்டாம். அப்பால் ரொணம் நிவர்த்தி, சுகமுண்டென்பர்","In the 10th house to Aries Lagna, Pitru Karaka Sun is with the 2nd and 7th lord Venus and is getting the aspect of Bhagya sthana Lord, Jupiter (from Virgo, Cancer, or Taurus), and the 9th house of Bhagya receives the aspect of 4th lord of comfort Moon. Until the age of 10, the native's father will experience financial loss or property loss, and will be subjected to difficulties or problems. After that, the diseases will be cleared and there will be comfort.",Aries,Surya
47,"பத்தாமிடத்தில் பிதுர்க்காரகன், குஜன், புதனுடன் கூடி, பாக்கிய கர்ம விரையாதிபதிகளாம் பார்க்கப்பட்டிருந்தால், தந்தையின் வர்க்கம் இருவர்களில், பிதாவுக்கு கல்வியும், உத்தியோக மேன்மையுண்டென்பர். பிதா சுகவாசி.","In the 10th house to Aries Lagna, Pitru Karaka Sun is with Mars and Mercury, and is aspected by 9th, 10th, and 11th lords. The 9th lord, Jupiter, is in Taurus, Karma, and Labha sthana lord, Saturn, is in Aries. There will be two siblings for the father. The elder brother of the father will have education and improvement in profession or service. Father is a comfortable person and will be in a pleasant and relaxed condition. Explanation:",Aries,Surya
48,"பத்தாமிடத்தில் பிதுர்க்காரகன் ஏகனாய், பத்தாமாதிபதியால் பார்க்கப்பட்டு, பிதுர் ஸ்தானத்தில், குஜன், ராஹு கூடியிருந்தால், ஜாதகனுக்கு பனிரண்டு வயதில் பிதாவுக்கு நெரியாணமுண்டென்பர்","In the 10th house to Aries Lagna, Pitru Karaka Sun is alone and is aspected by the 10th lord Saturn (from Aries), and in the 9th house of father, Mars and Rahu are placed. When the native is 12 years old, the father will be in a demanding situation.",Aries,Surya
49,"பத்தாமிடத்தில் பிதுர்க்காரகன் தனித்து, கர்ம, லாபாதிபதி திருஷ்டியுண்டாய், பிதுர் ஸ்தானாதிபதியான் உச்சம் பெற்றிருந்தால் பிதா தீர்க்கம், நிதியுடையவன், பிரதாபமுடையவனென்பர்.","In the 10th house to Aries Lagna, Pitru Karaka Sun is placed alone and is receiving the aspect of Karma and Labha sthana lord Saturn (from Aries). Pitru sthana lord Jupiter is exalted and placed in Cancer. Father will live long. Will have wealth and finance. Native will have glory and splendour.",Aries,Surya
50,"பத்தாமிடத்தில் பிதுர்க்காரகன் ஏகனாய் பகைத்து, பிதுர் ஸ்தானாதிபதி பார்வை பெற்று, பிதுர் ஸ்தானத்தில் அஷ்டமாதிபதி ஏறியிருந்தால், தந்தை வர்க்கம் ஆண் மூன்று, பெண்ணிரண்டு, பிதா அல்ப ஜீவனமுள்ளவனென்பர்.","In the 10th house to Aries Lagna, Pitru Karaka Sun is alone and is receiving the aspect of 9th house lord Jupiter (from Taurus), and in the 9th house, Father Lord of lagna and 8th house Mars is placed. In the father’s family, there will be three male and two female siblings. Father will have a short life.",Aries,Surya
51,"பதினோராமிடத்தில், பிதுர்க்காரகன் புகர் சேயுடன் கூடி பிதுர் ஸ்தானாதிபதி லக்கின கேந்திரம் பெற்றால், தந்தைக்குத் தாரமிரண்டாம், ஏழு வருடத்தில் பிதா மரணமாவனென்பர்.","In the 11th house to Aries Lagna, Pitru Karaka is with Venus and Mars, and the lord of the 9th house of father goes to Lagna Kendra. Father will have two wives. In 7 years, the father will die.",Aries,Surya
52,"பதினோராமிடத்தில், பிதுர்க்காரகன் லக்கின அஷ்டமாதிபதியுடன் கூடி நான்காமாதிபதி திருஷ்டியும், பிதுர் ஸ்தானத்தை கர்ம லாபாதிபதியால் நோக்கப்பட்டு மிருந்தால் தந்தை வர்க்கம் ஆண் மூன்று, பெண் ஒன்று, பதினெட்டாண்டில் தந்தை மரணத்தை யடைவனென்பர்.","In the 11th house to Aries Lagna, Pitru Karaka Sun is with the Lagna and Ashtama sthana Lord, Mars and receives the aspect of the 4th lord Moon from Leo. Pitru sthana, i.e., the 9th house, is aspected by Karma and Labha sthana Lord Saturn (from Gemini). Father’s lineage will have three male and one female siblings. When the native is 18 years old, the father will die.",Aries,Surya
53,"பதினோராமிடத்தில், பிதுர்க்காரகன் சுக்கிரன், கதிர் மகன் இவர்களுடன் கூடியிருந்தால், தந்தையுடன் ஆண் ஐந்து, பெண் நாலு. ஜாதகனுக்கு இருபத்தேழு வயது வரையில் பிதுர் மூன்றில் இரண்டு விர்த்தியென்பர்.","In the 11th house to Aries Lagna, Pitru Karaka, Venus, and Saturn are placed. Along with the father, there will be five male and four female members. Until the age of 27, the native will have two uncles (brothers of the father) who will prosper.",Aries,Surya
54,"பதினோராமிடத்தில், பிதுர்க்காரகன் பண்டிதன், காரியுடன் கூடி, பிதுர் ஸ்தானத்திலிருக்கும் பளிங்கை, சுக பாக்கிய, விரையாதிபதிகளால் பார்க்கப்பட்டால் தந்தை வர்க்கம் ஆணிரண்டு. அதிகார மூலம் சுகப்படுவனென்பர்.","In the 11th house to Aries Lagna Pitru Karaka, Sun is placed with Saturn and Mercury. Venus, in the 9th house of the father, is aspected by Moon and Jupiter. Moon and Jupiter are in Gemini. In the father’s lineage, there are two male members, and they will be in comfort due to authority.",Aries,Surya
55,"பதினோராமிட த்தில், பிதுர்க்காரகன் கவி, சனி, ராகு இவர்களுடன் கூடி ஒன்பதாமிடத்தில் பிதுர் ஸ்தானாதிபதியுடன் லக்கின அஷ்டமாதிபன் சேர்ந்திருந்தால், தந்தை ஏகன், ரோகன், இருபத்தாறில் எமன் திசையில் மரணமடைவனென்பர்.","In the 11th house to Aries Lagna, Sun, Venus, Saturn, and Rahu are placed. In the 9th house, along with the lord of the 9th house, Jupiter, the Lagna and the 8th house lord, Mars, are placed. The father will be the sole member of the lineage. Will be a disease-ridden person. When the native is  26 years old, his father will die.",Aries,Surya
56,"பனிரண்டாமிடத்தில் பிதுர்க்காரகன் புதன், புகருடன் கூடி பிதுர் ஸ்தானாதிபதி பஞ்சம திரிகோணம் பெற்றிருந்தால் தந்தை வர்க்கம் ஆண் நாலு, பெண் ஒன்று விர்த்தி ஆண் ஏகம், பெண் ஏகம் பத்து வயதில் பிதுர் மரணமாவனென்பர்.","In the 12th house to Aries Lagna Pitru karaka, Sun is with Mercury and Venus, and the 9th lord of father is placed in the 5th trikona to Lagna. Lineage of father, four males and one female. Females will flourish and live long. One male will also flourish. When the native is 10 years old, the father will die.",Aries,Surya
57,"பனிரண்டாமிடத்தில் பிதுர்க்காரகன் மித்துருவாக சுக்கிரனுடன் கூடி ஒன்பதாமிட த்தில், ராகுயிருந்தால், தந்தை வர்க்கம் ஆண் நாலு, நல்ல உப்பரிகை சம்பத்துண்டாம். புத்திர தோஷமுள்ளவனென்பர்.","In the 12th house to Aries Lagna, Pitru karaka Sun is with Venus and in the 9th house, Rahu is placed. Fathers’ lineage- four male members. He will have a good palace with a Balcony. There is Putra dosha.",Aries,Surya
58,"பனிரண்டாமிடத்தில் பிதுர்க்காரகன் ஏகனாய் நின்று, பாக்கியத்தில் பிதுர் ஸ்தானாதிபதியுடன் பூமகன் கூடியிருந்தால், ஐம்பத்தொரு வயதில் பிதுர் கர்மம் செய்வனென்பர்.","In the 12th house to Aries Laga, Pitru Karaka Sun is placed alone, and in the 9th house of Bhagya Pitru sthana, Lord Jupiter is with Mars. The native will have to perform Pitru Karma in his fifty-first year. Meaning his father will die at that time.",Aries,Surya
59,"பனிரண்டாமிடத்தில் பிதுர்க்காரகனுடன் பாக்கியாதிபதி கூடி, கர்ம லாபாதிபதியால் பார்க்கப்பட்டால், தந்தை தீர்க்கம். பஞ்சமாதிபதி திசையில் ஜாதகன், சுயஜனங்களை விட்டு, பிரதேச சாரம் செய்வனென்பர்.","In the 12th house to Aries Lagna, with Pitru karaka Sun, Bhagya Lord Jupiter is placed and is aspected by the lord of Karma and Labha, i.e., Saturn. Saturn is in Capricorn. Father will flourish and will live long. In the dasa of the 5th lord, Sun, the native will leave his relations and will live in another country.",Aries,Surya
60,"பனிரண்டாமிடத்தில் பிதுர்க்காரகன் மூன்றுக்குடையவனுடன் கூடி, சுக கர்ம, லாபாதிபதியால் பார்க்கப்பட்டால், பிதாவின் சகோதரர் ஆண் மூன்று, பெண்ணிரண்டு, வர்க்கம் மேன்மியில்லையென்பர்","In the 12th house to Aries Lagna, Pitru Karaka Sun is with the 3rd lord Mercury and aspected by 4th lord of comfort-Moon from Virgo and aspected by Karma-Labha sthana Lord Saturn from Virgo. Native’s father will have three brothers and two sisters. Family will not flourish.",Aries,Surya
